Nom_accueil ;type_accueil;code_type_accueil;jour_ouverture;heures_ouverture;complément;adresse_caf_fr;code postal_caf_fr;ville_caf_fr;adresse_google;code postal_ville_google;pays_google;Longitude;Latitude;nom_epci;num_epci;code_com;code_Dept;Nom_Dept;Nom_Reg;
Centre administratif - Abscon;permanence;3;Mardi;de 10h30 à 12h00;Fermé pendant les vacances scolaires;1 rue Pasteur;59215;Abscon;1 Rue Louis Pasteur; 59215 Abscon; France; 3.29979179999998;50.3338969;CA de la Porte du Hainaut;200042190;59002;59;NORD;NORD-PAS-DE-CALAIS;
Maison des services publics - Aniche;permanence;3;Vendredi;de 9h00 à 12h00 les 2ème et 4ème vendredis du mois;Fermé pendant les vacances scolaires;44 rue Patoux;59580;Aniche;44 Rue Patoux; 59580 Aniche; France; 3.247717400000056;50.3306868;CC Coeur d'Ostrevent [c.C.C.O.];245901152;59008;59;NORD;NORD-PAS-DE-CALAIS;
Mairie - Anzin;permanence;3;Lundi;de 13h30 à 16h30;Permanence suspendue à compter du 1er décembre 2014;place Roger Salengro;59410;Anzin;Place Roger Salengro; 59410 Anzin; France; 3.5009469999999965;50.370109;CA Valenciennes Métropole;245901160;59014;59;NORD;NORD-PAS-DE-CALAIS;
Agence d'Armentières - Accueil sur rendez-vous;Agence;1;Lundi - Mardi - Mercredi - Vendredi;de 8h30 à 12h15 et de 13h15 à 16h;;8 rue des Nieulles;59280;Armentières;8 Rue des Nieulles; 59280 Armentières; France; 2.8804316000000654;50.6814933;Métropole Européenne de Lille;245900410;59017;59;NORD;NORD-PAS-DE-CALAIS;
Mairie - Auberchicourt;permanence;3;Vendredi;de 9h00 à 12h00 les 1er, 3ème et 5ème vendredis du mois;Fermé pendant les vacances scolaires;3 place Suzanne Lannoy;59165;Auberchicourt;3 Place Suzanne Lanoy; 59165 Auberchicourt; France; 3.2343965000000026;50.3315418;CC Coeur d'Ostrevent [c.C.C.O.];245901152;59024;59;NORD;NORD-PAS-DE-CALAIS;
Maison des services - Auby;permanence;3;Jeudi;de 14h00 à 16h30 les 1er, 3ème et 5ème jeudis du mois;Fermé pendant les vacances scolaires;1 rue du Général de Gaulle;59950;Auby;1 Rue du Général de Gaulle; 59950 Auby; France; 3.0545649000000594;50.4153509;CA du Douaisis [c.A.D.];200044618;59028;59;NORD;NORD-PAS-DE-CALAIS;
Cyber base - Aulnoy lez Valenciennes;permanence;3;Vendredi;de 8h30 à 10h00;Fermé pendant les vacances scolaires;2 avenue Henri Matisse;59300;Aulnoy-lez-Valenciennes;2 Avenue Henri Matisse; 59300 Aulnoy-Lez-Valenciennes; France; 3.5219899999999598;50.3341982;CA Valenciennes Métropole;245901160;59032;59;NORD;NORD-PAS-DE-CALAIS;
Mairie - Aulnoye-Aymeries;permanence;3;Lundi;de 9h00 à 12h00;Fermé pendant les vacances scolaires;Place du Docteur Guersant;59620;Aulnoye-Aymeries;Place du Dr Guersant; 59620 Aulnoye-Aymeries; France; 3.8342629999999644;50.200404;CA Maubeuge Val de Sambre;200043396;59033;59;NORD;NORD-PAS-DE-CALAIS;
CPAM - Avesnes-sur-Helpe;permanence;3;Mercredi;de 9h à 11h45 et de 13h30 à 16h;Fermé pendant les vacances scolaires;2 rue Vauban;59440;Avesnes-sur-Helpe;2 Rue Vauban; 59440 Avesnes-sur-Helpe; France; 3.9276155999999673;50.1211356;CC Coeur de l'Avesnois;200043263;59036;59;NORD;NORD-PAS-DE-CALAIS;
Maison des Vraies Richesses, 1er étage - Bailleul;permanence;3;Lundi - Mardi;de 9h00 à 12h00;Fermé pendant les vacances scolaires;41 rue d'Ypres;59270;Bailleul;41 Rue d'Ypres; 59270 Bailleul; France; 2.73735929999998;50.7405003;CC de Flandre Intérieure;200040947;59043;59;NORD;NORD-PAS-DE-CALAIS;
Mairie - Bavay;permanence;3;Vendredi;de 13h30 à 15h30;Fermé pendant les vacances scolaires;place Charles de Gaulle;59570;Bavay;Place Charles de Gaulle; 59570 Bavay; France; 3.7944506000000047;50.2988066;CC du Pays de Mormal;200043321;59053;59;NORD;NORD-PAS-DE-CALAIS;
Foyer socio-éducatif - Bergues;permanence;3;Lundi;de 9h00 à 11h30;Fermé pendant les vacances scolaires;avenue de la Liberté;59380;Bergues;Avenue de la Liberté; 59380 Bergues; France; 2.4384975000000395;50.9715397;CC des Hauts de Flandre;200040954;59067;59;NORD;NORD-PAS-DE-CALAIS;
Pôle social - Beuvrages;permanence;3;Mercredi;de 13h30 à 16h00;Fermé pendant les vacances scolaires;rue Henri Durre;59192;Beuvrages;Rue Henri Durre; 59192 Beuvrages; France; 3.5047889999999597;50.385283;CA Valenciennes Métropole;245901160;59079;59;NORD;NORD-PAS-DE-CALAIS;
Centre social - Bourbourg;permanence;3;Mardi;de 9h00 à 11h30;Fermé pendant les vacances scolaires;avenue François Mitterrand;59630;Bourbourg;Rue François Mitterrand; 59630 Bourbourg; France; 2.1928918999999496;50.9447209;CU de Dunkerque;245900428;59094;59;NORD;NORD-PAS-DE-CALAIS;
Mairie - Bruay sur l'Escaut;permanence;3;Mardi;de 8h30 à 11h30;Fermé pendant les vacances scolaires;26 place Farineau;59860;Bruay-sur-l'Escaut;26 Place des Farineau; 59860 Bruay-sur-l'Escaut; France; 3.537063499999931;50.39724469999999;CA Valenciennes Métropole;245901160;59112;59;NORD;NORD-PAS-DE-CALAIS;
Agence de Cambrai - Accueil sur rendez-vous;Agence;1;Lundi - Mardi - Mercredi - Vendredi;de 8h30 à 16h00;;2 Rang Saint Jean;59400;Cambrai;2 Rang Saint-Jean; 59400 Cambrai; France; 3.238461700000016;50.1749107;CA de Cambrai;200044022;59122;59;NORD;NORD-PAS-DE-CALAIS;
Centre social - Cassel;permanence;3;Mercredi;de 13h30 à 15h30;Fermé pendant les vacances scolaires;Grand Place;59670;Cassel;Grand' Place; 59670 Cassel; France; 2.4863646000000017;50.7997783;CC de Flandre Intérieure;200040947;59135;59;NORD;NORD-PAS-DE-CALAIS;
Antenne de Caudry;Antenne;2;Mardi-Mercredi-Vendredi;de 9h00 à 12h00 et de 13h00 à 16h00 ( vendredi 9h00 à 12h00);Fermé pendant les vacances scolaires;11 rue Gambetta;59540;Caudry;11 Rue Gambetta; 59540 Caudry; France; 3.4077433999999585;50.122228;CC du Caudrésis et du Catésis;200030633;59139;59;NORD;NORD-PAS-DE-CALAIS;
CPAM - Comines;permanence;3;Mardi;de 9h00 à 12h00 et de 13h00 à 16h00;Fermé pendant les vacances scolaires;68 rue d'Hurlupin;59560;Comines;68 Rue d'Hurlupin; 59560 Comines; France; 3.010009099999934;50.7639005;Métropole Européenne de Lille;245900410;59152;59;NORD;NORD-PAS-DE-CALAIS;
Ecole maternelle du Hameau de Macou - Condé sur l'Escaut;permanence;3;Jeudi;de 10h30 à 12h00;Fermé pendant les vacances scolaires;11 rue Germinal;59163;Condé-sur-l'Escaut;11 Rue Germinal; 59163 Condé-sur-l'Escaut; France; 3.598107700000014;50.46445560000001;CA Valenciennes Métropole;245901160;59153;59;NORD;NORD-PAS-DE-CALAIS;
Maison des services - Crespin;permanence;3;Jeudi;de 9h00 à 10h00;Fermé pendant les vacances scolaires;293 rue des Déportés du train de Loos;59154;Crespin;293 Rue des Déportés; 59154 Crespin; France; 3.660093800000027;50.4181488;CA Valenciennes Métropole;245901160;59160;59;NORD;NORD-PAS-DE-CALAIS;
CCAS - Croix;permanence;3;Mardi;de 14h00 à 17h00;Fermé pendant les vacances scolaires;2 rue Léon Déjardin;59170;Croix;2 Rue Léon Dejardin; 59170 Croix; France; 3.153763900000058;50.68144359999999;Métropole Européenne de Lille;245900410;59163;59;NORD;NORD-PAS-DE-CALAIS;
Antenne de Denain;Antenne;2;Mardi-Vendredi;9h30 à 15h30;Fermé pendant les vacances scolaires;88 Allée du Rivage;59220;Denain;88 Allée du Rivage; 59220 Denain; France; 3.385487399999988;50.3270573;CA de la Porte du Hainaut;200042190;59172;59;NORD;NORD-PAS-DE-CALAIS;
Agence de Douai - Accueil sur rendez-vous;Agence;1;Lundi - Mardi - Mercredi - Vendredi;de 8h30 à 16h00;;76 rue Henri Dunant;59500;Douai;76 Rue Henri Dunant; 59500 Douai; France; 3.084646799999973;50.3659432;CA du Douaisis [c.A.D.];200044618;59178;59;NORD;NORD-PAS-DE-CALAIS;
Le Beffroi - Douchy les Mines;permanence;3;Lundi-Jeudi;de 13h30 à 17h00 sur rendez-vous;Fermé pendant les vacances scolaires;18 avenue Julien Renard;59282;Douchy-les-Mines;18 Avenue Julien Renard; 59282 Douchy-les-Mines; France; 3.392259400000057;50.3002074;CA de la Porte du Hainaut;200042190;59179;59;NORD;NORD-PAS-DE-CALAIS;
Agence de Dunkerque - Accueil sur rendez-vous;Agence;1;Lundi - Mardi - Mercredi - Vendredi;de 8h30 à 11h45 et de 13h00 à 16h00;;12 rue de Paris;59240;Dunkerque;12 Rue de Paris; 59140 Dunkerque; France; 2.3731864999999743;51.0296694;CU de Dunkerque;245900428;59183;59;NORD;NORD-PAS-DE-CALAIS;
Local Condorcet - Escaudain;permanence;3;Mercredi;de 9h00 à 12h00;Fermé pendant les vacances scolaires;rue du 8 mai 1945;59124;Escaudain;Rue du 8 Mai 1945; 59124 Escaudain; France; 3.3417180000000144;50.3323182;CA de la Porte du Hainaut;200042190;59205;59;NORD;NORD-PAS-DE-CALAIS;
Maison de la solidarité - Famars;permanence;3;Vendredi;de 10h30 à 11h30;Fermé pendant les vacances scolaires;7 rue de bermerain;59300;Famars;7 Rue de Bermerain; 59300 Famars; France; 3.5190767999999935;50.3135288;CA Valenciennes Métropole;245901160;59221;59;NORD;NORD-PAS-DE-CALAIS;
Foyer Colmant - Feignies;permanence;3;Mardi;de 9h à 12h et de 13h à 16h;Fermé pendant les vacances scolaires;rue Alfred Derkenne;59750;Feignies;Rue Alfred Derkenne; 59750 Feignies; France; 3.917100000000005;50.299248;CA Maubeuge Val de Sambre;200043396;59225;59;NORD;NORD-PAS-DE-CALAIS;
Maison d'Entraide et Solidarité - Ferrière la Grande;permanence;3;Lundi;de 13h30 à 16h;Fermé pendant les vacances scolaires;15 rue Roger Salengro;59680;Ferrière-la-Grande;15 Rue Roger Salengro; 59680 Ferrière-la-Grande; France; 3.993937599999981;50.2532623;CA Maubeuge Val de Sambre;200043396;59230;59;NORD;NORD-PAS-DE-CALAIS;
Antenne de Fourmies;Antenne;2;Mardi-Jeudi;de 9h à 12h et de 13h à 16h;Fermé pendant les vacances scolaires;20 bis rue Jean Jaurès;59610;Fourmies;20 Rue Jean Jaurès; 59610 Fourmies; France; 4.048813099999961;50.0154588;CC du Sud Avesnois;200043404;59249;59;NORD;NORD-PAS-DE-CALAIS;
Mairie - Fresnes sur Escaut;permanence;3;Mardi;de 8h30 à 12h00;Fermé pendant les vacances scolaires;rue Paul Vaillant Couturier;59970;Fresnes-sur-Escaut;Place Vaillant-Couturier;59970 Fresnes-sur-Escaut; France;3.578888499999948;50.4329786;CA Valenciennes Métropole;245901160;59253;59;NORD;NORD-PAS-DE-CALAIS;
Maison des associations - Grand Fort Philippe;permanence;3;Mardi;de 9h00 à 11h30;Fermé pendant les vacances scolaires;rue de Verdun;59153;Grand-Fort-Philippe;Rue de Verdun; 59153 Grand-Fort-Philippe; France; 2.1067445999999563;51.00107819999999;CU de Dunkerque;245900428;59272;59;NORD;NORD-PAS-DE-CALAIS;
Atrium - Grande Synthe;permanence;3;Jeudi;de 9h00 à 11h00;Fermé pendant les vacances scolaires;place du Marché;59760;Grande-Synthe;Place du Marché; 59760 Grande-Synthe; France; 2.3102116000000024;51.0196728;CU de Dunkerque;245900428;59271;59;NORD;NORD-PAS-DE-CALAIS;
Maison de Quartier du Courghain - Grande Synthe;permanence;3;Mardi;de 14h00 à 16h00;Fermé pendant les vacances scolaires;3 place du Courghain;59760;Grande-Synthe;3 Place du Courghain; 59760 Grande-Synthe; France; 2.294749300000035;51.0063623;CU de Dunkerque;245900428;59271;59;NORD;NORD-PAS-DE-CALAIS;
Gravelines - rue Aupick;permanence;3;Vendredi;de 14h00 à 16h00;Fermé pendant les vacances scolaires;28 bis rue Aupick;59820;Gravelines;28 Rue Aupick; 59820 Gravelines; France; 2.1279210999999805;50.9869201;CU de Dunkerque;245900428;59273;59;NORD;NORD-PAS-DE-CALAIS;
CCAS - Halluin;permanence;3;Lundi-Vendredi;Lundi de 14h00 à 17h00 - Vendredi de 8h30 à 11h30;Fermé pendant les vacances scolaires;40 rue Marthe Nollet;59250;Halluin;40 Rue Marthe Nollet; 59250 Halluin; France; 3.12139609999997;50.7819762;Métropole Européenne de Lille;245900410;59279;59;NORD;NORD-PAS-DE-CALAIS;
CCAS - Hasnon;permanence;3;Mercredi;de 16h00 à 17h00;Fermé pendant les vacances scolaires;rue du Pont;59178;Hasnon;Rue du Pont; 59178 Hasnon; France; 3.3871430000000373;50.4254669;CA de la Porte du Hainaut;200042190;59284;59;NORD;NORD-PAS-DE-CALAIS;
Mairie - Haulchin;permanence;3;Jeudi;de 15h00 à 17h00;Fermé pendant les vacances scolaires;4 place de la Mairie;59121;Haulchin;4 Place de la Mairie; 59121 Haulchin; France; 3.434093399999938;50.3182649;CA de la Porte du Hainaut;200042190;59288;59;NORD;NORD-PAS-DE-CALAIS;
Espace Chauwel - Hautmont;permanence;3;Mardi;de 9h00 à 12h00;Fermé pendant les vacances scolaires;117 rue de Louvroil;59330;Hautmont;117 Rue de Louvroil; 59330 Hautmont; France; 3.9288546000000224;50.2544039;CA Maubeuge Val de Sambre;200043396;59291;59;NORD;NORD-PAS-DE-CALAIS;
Salle Droulez - Haveluy;permanence;3;Jeudi;de 14h00 à 15h30;Fermé pendant les vacances scolaires;Place Auguste Lainelle;59255;Haveluy;Place Auguste Lainelle; 59255 Haveluy; France; 3.403093099999978;50.35493340000001;CA de la Porte du Hainaut;200042190;59292;59;NORD;NORD-PAS-DE-CALAIS;
Antenne d'Hazebrouck;Antenne;2;Lundi-Vendredi;de 9h à 12h et de 13h30 à 16h;Fermé pendant les vacances scolaires;48 rue du Dépôt;59190;Hazebrouck;48 Rue du Dépot; 59190 Hazebrouck; France; 2.540541699999949;50.7220175;CC de Flandre Intérieure;200040947;59295;59;NORD;NORD-PAS-DE-CALAIS;
Centre Social 3 Villes - Hem;permanence;3;Mercredi;de 14h00 à 17h00;Fermé pendant les vacances scolaires;93 rue du Docteur Schweitzer;59510;Hem;93 Rue du Dr Schweitzer; 59510 Hem; France; 3.201167499999997;50.6688917;Métropole Européenne de Lille;245900410;59299;59;NORD;NORD-PAS-DE-CALAIS;
Point relais services - Hondschoote;permanence;3;Lundi-Mardi-Mercredi-Jeudi-Vendredi;de 8h45 à 12h30 et de 13h30 à 17h30;;1 rue de Cassel;59122;Hondschoote;1 Rue de Cassel; 59122 Hondschoote; France; 2.579866700000025;50.978553;CC des Hauts de Flandre;200040954;59309;59;NORD;NORD-PAS-DE-CALAIS;
Mairie - Hélesmes;permanence;3;Jeudi;de 13h30 à 14h30;Fermé pendant les vacances scolaires;4 rue Roger Salengro;59171;Hélesmes;4 Rue Roger Salengro; 59171 Hélesmes; France; 3.3567898000000014;50.36739619999999;CA de la Porte du Hainaut;200042190;59297;59;NORD;NORD-PAS-DE-CALAIS;
CCAS - Jeumont;permanence;3;Lundi;de 9h à 12h;Fermé pendant les vacances scolaires;98 rue Hector Despret;59460;Jeumont;98 Rue Hector Despret; 59460 Jeumont; France; 4.100712899999962;50.29643739999999;CA Maubeuge Val de Sambre;200043396;59324;59;NORD;NORD-PAS-DE-CALAIS;
CPAM - La Bassée;permanence;3;Vendredi;de 9h00 à 12h00 et de 13h00 à 16h00;Fermé pendant les vacances scolaires;Place du Général de Gaulle;59480;La Bassée;Place du Général de Gaulle; 59480 La Bassée; France; 2.8043182000000115;50.531874;Métropole Européenne de Lille;245900410;59051;59;NORD;NORD-PAS-DE-CALAIS;
CCAS - La Madeleine;permanence;3;Jeudi;de 9h00 à 11h00;Fermé pendant les vacances scolaires;1 rue Gantois;59110;La Madeleine;1 Rue des Gantois;59110 La Madeleine; France;3.06962180000005;50.6531726;Métropole Européenne de Lille;245900410;59368;59;NORD;NORD-PAS-DE-CALAIS;
CCAS - Lallaing;permanence;3;Mercredi;de 13h30 à 15h00;Fermé pendant les vacances scolaires;44 rue Faidherbe;59167;Lallaing;44 Rue Faidherbe; 59167 Lallaing; France; 3.1688062000000627;50.3914366;CA du Douaisis [c.A.D.];200044618;59327;59;NORD;NORD-PAS-DE-CALAIS;
Guichet unique - Landrecies;permanence;3;Vendredi;de 9h00 à 12h00;Fermé pendant les vacances scolaires;22 boulevard des Résistants;59550;Landrecies;22 Boulevard des Résistants;59550 Landrecies; France;3.686039199999982;50.12413979999999;CC du Pays de Mormal;200043321;59331;59;NORD;NORD-PAS-DE-CALAIS;
Centre administratif - Le Cateau;permanence;3;Jeudi;de 14h00 à 16h30;Fermé pendant les vacances scolaires;Rue du marché aux chevaux;59360;Le Cateau-cambrésis;Rue du Marché aux Chevaux; 59360 Le Cateau-Cambrésis; France; 3.545066600000041;50.1035323;CC du Caudrésis et du Catésis;200030633;59136;59;NORD;NORD-PAS-DE-CALAIS;
Cpam - Le Quesnoy;permanence;3;Lundi;de 13h30 à 16h00;Fermé pendant les vacances scolaires;23 rue Chevray;59530;Le Quesnoy;23 Rue Chevray; 59530 Le Quesnoy; France; 3.64041629999997;50.2475502;CC du Pays de Mormal;200043321;59481;59;NORD;NORD-PAS-DE-CALAIS;
Faubourg de Béthune;Antenne;2;Lundi;de 9h30 à 12h;;65 rue St Bernard;59000;Lille;65 Rue Saint-Bernard; 59000 Lille; France; 3.0433368999999857;50.6195403;Métropole Européenne de Lille;245900410;59350;59;NORD;NORD-PAS-DE-CALAIS;
Quartier de Fives - Accueil sur rendez-vous;permanence;3;Lundi-Mercredi-Vendredi;de 8h30 à 16h00 (vendredi 8h30 à 12h30);;91 rue Guillaume Werniers;59000;Lille;91 Rue Guillaume Werniers; 59800 Lille; France; 3.0875220000000354;50.6351565;Métropole Européenne de Lille;245900410;59350;59;NORD;NORD-PAS-DE-CALAIS;
Agence de Lille - Accueil sur rendez-vous;Agence;1;Lundi - Mardi - Mercredi - Vendredi;de 8h30 à 16h00;;82 rue Brûle Maison;59000;Lille;82 Rue Brûle Maison; 59000 Lille; France; 3.0620057999999517;50.6258883;Métropole Européenne de Lille;245900410;59350;59;NORD;NORD-PAS-DE-CALAIS;
Mairie - Linselles;permanence;3;Vendredi;de 14h à 17h les 1er et 3ème vendredis du mois;Fermé pendant les vacances scolaires;12 rue de Bousbecque;59126;Linselles;12 Rue de Bousbecque; 59126 Linselles; France; 3.080364099999997;50.7392141;Métropole Européenne de Lille;245900410;59352;59;NORD;NORD-PAS-DE-CALAIS;
CPAM - Lomme;permanence;3;Lundi;de 13h00 à 16h00;Fermé pendant les vacances scolaires;107 avenue de la République;59160;Lille;107 Avenue de la République; 59160 Lille; France; 3.010472199999981;50.6372627;Métropole Européenne de Lille;245900410;59350;59;NORD;NORD-PAS-DE-CALAIS;
Centre social Dulcie September - Loon Plage;permanence;3;Mercredi;de 9h00 à 11h00;Fermé pendant les vacances scolaires;60 rue Georges Pompidou;59279;Loon-Plage;60 Rue Georges Pompidou; 59279 Loon-Plage; France; 2.2230753999999706;50.9954107;CU de Dunkerque;245900428;59359;59;NORD;NORD-PAS-DE-CALAIS;
Loos;Antenne;2;Mardi-Vendredi;de 8h30 à 16h00;Fermé pendant les vacances scolaires;1 rue Georges Potié;59120;Loos;1 Rue Georges Potié; 59120 Loos; France; 3.008322899999939;50.61407510000001;Métropole Européenne de Lille;245900410;59360;59;NORD;NORD-PAS-DE-CALAIS;
Mairie - Lourches;permanence;3;Jeudi;de 8h30 à 12h00;Fermé pendant les vacances scolaires;647 rue Jean Jaurès;59156;Lourches;647 Rue Jean Jaurès; 59156 Lourches; France; 3.3531450000000405;50.3148667;CA de la Porte du Hainaut;200042190;59361;59;NORD;NORD-PAS-DE-CALAIS;
Mairie - Maing;permanence;3;Jeudi;de 16h00 à 17h00;Fermé pendant les vacances scolaires;rue Jean Jaurès;59233;Maing;Rue Jean Jaurès; 59233 Maing; France; 3.48161970000001;50.3074903;CA Valenciennes Métropole;245901160;59369;59;NORD;NORD-PAS-DE-CALAIS;
Espace Robert Schumann - Marcq-en-Baroeul;permanence;3;Jeudi;de 8h30 à 11h30;Fermé pendant les vacances scolaires;103 avenue Foch;59700;Marcq-en-Baroeul;103 Avenue Foch; 59700 Marcq-en-Barœul; France; 3.09554890000004;50.6732025;Métropole Européenne de Lille;245900410;59378;59;NORD;NORD-PAS-DE-CALAIS;
CCAS - Bureau des permanences - Marly;permanence;3;Vendredi;de 10h30 à 12h00;Fermé pendant les vacances scolaires;place Gabriel Péri;59770;Marly;1B Pl. Gabriel Peri; 59770 Marly; France;3.5434927999999672;50.3492065;CA Valenciennes Métropole;245901160;59383;59;NORD;NORD-PAS-DE-CALAIS;
Mairie - Marquette en Ostrevant;permanence;3;Mercredi;de 14h00 à 15h30;Fermé pendant les vacances scolaires;34 rue Pasteur;59252;Marquette-en-Ostrevant;34 Rue Pasteur; 59252 Marquette-en-Ostrevant; France; 3.2660017000000607;50.28609489999999;CA de la Porte du Hainaut;200042190;59387;59;NORD;NORD-PAS-DE-CALAIS;
Agence de Maubeuge - Accueil sur rendez-vous;Agence;1;Lundi - Mardi - Mercredi - Vendredi;de 8h30 à 16h00;;place de Wattignies;59600;Maubeuge;Place de Wattignies la Victoire; 59600 Maubeuge; France; 3.9697415000000547;50.2753528;CA Maubeuge Val de Sambre;200043396;59392;59;NORD;NORD-PAS-DE-CALAIS;
Espace d'animation - Merville;permanence;3;Mercredi;de 9h00 à 12h00 et de 13h30 à 16h00;Fermé pendant les vacances scolaires;18 Place François Mitterrand;59660;Merville;18 Rue François Mauriac;59660 Merville; France;2.645388300000036;50.6497237;CC Flandre Lys;245900758;59400;59;NORD;NORD-PAS-DE-CALAIS;
Mairie - Mortagne du Nord;permanence;3;Jeudi;de 13h30 à 15h30;Fermé pendant les vacances scolaires;place Paul Gillet;59158;Mortagne-du-Nord;Place Paul Gillet; 59158 Mortagne-du-Nord; France; 3.455239399999982;50.5033344;CA de la Porte du Hainaut;200042190;59418;59;NORD;NORD-PAS-DE-CALAIS;
Maison des services - Onnaing;permanence;3;Lundi;de 9h00 à 12h00;Fermé pendant les vacances scolaires;17 Chasse de Valenciennes;59264;Onnaing;17 Chasse de Valenciennes; 59264 Onnaing; France; 3.5987173999999413;50.3993205;CA Valenciennes Métropole;245901160;59447;59;NORD;NORD-PAS-DE-CALAIS;
Hôtel de Ville - Orchies;permanence;3;Mercredi;de 9h00 à 12h00;Fermé pendant les vacances scolaires;place Général de Gaulle;59310;Orchies;Place Général de Gaulle; 59310 Orchies; France; 3.2419234999999844;50.4744591;CC Pévèle-Carembault;200041960;59449;59;NORD;NORD-PAS-DE-CALAIS;
Centre social - Ostricourt;permanence;3;Lundi;De 9h30 à 11h30;Fermé pendant les vacances scolaires;251 Avenue du Maréchal Leclerc;59162;Ostricourt;251 Avenue du Maréchal Leclerc; 59162 Ostricourt; France; 3.029583799999955;50.4581279;CC Pévèle-Carembault;200041960;59452;59;NORD;NORD-PAS-DE-CALAIS;
Centre social Françoise Dolto - Pecquencourt;permanence;3;Jeudi;de 10 h 30 à 12 h 00;Fermeture pendant les vacances scolaires;4 rue Estienne d'Orves;59146;Pecquencourt;4 Rue d'Estienne d'Orves;59146 Pecquencourt; France;3.21601069999997;50.3776085;CC Coeur d'Ostrevent [c.C.C.O.];245901152;59456;59;NORD;NORD-PAS-DE-CALAIS;
CCAS - Petite Forêt;permanence;3;Mercredi;de 10h30 à 11h30;Fermé pendant les vacances scolaires;80 rue Jean Jaurès;59494;Petite-Forêt;80 Rue Jean Jaurès; 59494 Petite-Forêt; France; 3.4792204999999967;50.3761838;CA Valenciennes Métropole;245901160;59459;59;NORD;NORD-PAS-DE-CALAIS;
Mairie - Prouvy;permanence;3;Mercredi;de 16h15 à 17h15;Fermé pendant les vacances scolaires;rue de la Mairie;59121;Prouvy;Rue de la Mairie; 59121 Prouvy; France; 3.4498016000000007;50.3187108;CA Valenciennes Métropole;245901160;59475;59;NORD;NORD-PAS-DE-CALAIS;
Mairie - Quiévrechain;permanence;3;Jeudi;de 8h30 à 11h30;Fermé pendant les vacances scolaires;1 place Roger Salengro;59920;Quiévrechain;1 Place Roger Salengro; 59920 Quiévrechain; France; 3.6704518000000235;50.3951429;CA Valenciennes Métropole;245901160;59484;59;NORD;NORD-PAS-DE-CALAIS;
CCAS - Espace Solidarité - Raismes;permanence;3;Mercredi;de 8h30 à 11h30;Fermé pendant les vacances scolaires;rue Roger Claie;59590;Raismes;Boulevard Roger Claie; 59590 Raismes; France; 3.483724299999949;50.3902863;CA de la Porte du Hainaut;200042190;59491;59;NORD;NORD-PAS-DE-CALAIS;
Maison des services - Raismes;permanence;3;Vendredi;de 13h30 à 15h30;Fermé pendant les vacances scolaires;78 D rue Thiers;59590;Raismes;78D Rue Thiers; 59590 Raismes; France; 3.516991800000028;50.4063805;CA de la Porte du Hainaut;200042190;59491;59;NORD;NORD-PAS-DE-CALAIS;
Mairie - Roeulx;permanence;3;Mardi;de 8h30 à 10h00;Fermé pendant les vacances scolaires;Place Gilbert Henri;59172;Roeulx;Place Gilbert Henry; 59172 Rœulx; France; 3.33450449999998;50.3069909;CA de la Porte du Hainaut;200042190;59504;59;NORD;NORD-PAS-DE-CALAIS;
Mairie annexe - Roncq;permanence;3;Jeudi;de 14h00 à 17h00 les 1er et 3ème jeudis du mois;Fermé pendant les vacances scolaires;8 rue des Arts;59223;Roncq;8 Rue des Arts; 59223 Roncq; France; 3.121496400000069;50.7530685;Métropole Européenne de Lille;245900410;59508;59;NORD;NORD-PAS-DE-CALAIS;
Agence de Roubaix - Accueil sur rendez-vous;Agence;1;Lundi;de 8h30 à 16h00;;124 boulevard Gambetta;59100;Roubaix;124 Boulevard Gambetta; 59100 Roubaix; France; 3.183282400000053;50.6917662;Métropole Européenne de Lille;245900410;59512;59;NORD;NORD-PAS-DE-CALAIS;
Mairie - Roubaix - Quartiers sud - Accueil sur rendez-vous;permanence;3;Vendredi;de 13h30 à 16h30;;188 boulevard de Fourmies;59100;Roubaix;188 Boulevard de Fourmies; 59100 Roubaix; France; 3.185484900000006;50.6734546;Métropole Européenne de Lille;245900410;59512;59;NORD;NORD-PAS-DE-CALAIS;
Maison des services des Trois Ponts - Roubaix - Accueil sur rendez-vous;permanence;3;Lundi - Mardi - Mercredi - Vendredi;de 13h30 à 16h30;Fermé pendant les vacances scolaires;71 avenue de Verdun;59100;Roubaix;71 Avenue de Verdun; 59100 Roubaix; France; 3.2012099999999464;50.6847064;Métropole Européenne de Lille;245900410;59512;59;NORD;NORD-PAS-DE-CALAIS;
CCAS - espace Solidarité - Saint Amand les Eaux;permanence;3;Lundi;de 9h à 12h et de 13h30 à 17h;sauf le dernier lundi matin du mois - Fermé pendant les vacances scolaires;101 rue du faubourg de Tournai;59230;Saint-Amand-les-Eaux;101 Rue du Faubourg de Tournai; 59230 Saint-Amand-les-Eaux; France; 3.4292123000000174;50.4537449;CA de la Porte du Hainaut;200042190;59526;59;NORD;NORD-PAS-DE-CALAIS;
Maison de l'Enfance - Saint Amand les Eaux;permanence;3;Lundi;de 9h00 à 12h00;Le dernier lundi du mois - Fermé pendant les vacances scolaires;rue de la Collinière;59230;Saint-Amand-les-Eaux;Rue de la Collinière; 59230 Saint-Amand-les-Eaux; France; 3.4298149999999623;50.434002;CA de la Porte du Hainaut;200042190;59526;59;NORD;NORD-PAS-DE-CALAIS;
Saint André lez Lille;Antenne;2;Lundi-Mardi-Vendredi;de 8h30 à 16h00 (Lundi 8h30 à 12h30);Fermé pendant les vacances scolaires;12 Place du Général de Gaulle;59350;Saint-André-lez-Lille;12 Place du Général de Gaulle; 59350 Saint-André-lez-Lille; France; 3.051761199999987;50.6621491;Métropole Européenne de Lille;245900410;59527;59;NORD;NORD-PAS-DE-CALAIS;
CCAS - Saint Saulve;permanence;3;Mercredi;de 14h00 à 16h30;Fermé pendant les vacances scolaires;140 rue Jean Jaurès;59880;Saint-Saulve;140 Rue Jean Jaurès; 59880 Saint-Saulve; France ; 3.5531424000000698;50.3703085;CA Valenciennes Métropole;245901160;59544;59;NORD;NORD-PAS-DE-CALAIS;
Espace René Char - Sin le Noble;permanence;3;Vendredi;de 14h00 à 16h30;Fermé pendant les vacances scolaires;les couronnes;59450;Sin-le-Noble;Résidence de la Petite Couronne; 59450 Sin-le-Noble; France ; 3.097485000000006;50.344299;CA du Douaisis [c.A.D.];200044618;59569;59;NORD;NORD-PAS-DE-CALAIS;
Ruche Solesmoise - Solesmes;permanence;3;Lundi;de 13h30 à 16h30;Fermé durant les vacances scolaires;5 rue de l'Abbaye;59730;Solesmes;5 Rue de l'Abbaye; 59730 Solesmes; France ; 3.4987277999999833;50.1839923;CC du Pays Solesmois;245901038;59571;59;NORD;NORD-PAS-DE-CALAIS;
Mairie - Solre le Château;permanence;3;Jeudi;de 13h30 à 15h30 les 2ème et 4ème jeudis du mois;Fermé pendant les vacances scolaires;35 rue Clairfayts;59740;Solre-le-Château;35 Rue de Clairfayts; 59740 Solre-le-Château; France ; 4.097370100000035;50.1721011;CC Coeur de l'Avesnois;200043263;59572;59;NORD;NORD-PAS-DE-CALAIS;
Pôle service public - Somain;permanence;3;Mercredi;de 8h00 à 12h00 et de 13h00 à 16h30;;6 rue Anatole France;59490;Somain;6 Rue Anatole France; 59490 Somain; France ; 3.2801297999999406;50.3597316;CC Coeur d'Ostrevent [c.C.C.O.];245901152;59574;59;NORD;NORD-PAS-DE-CALAIS;
Somain;permanence;3;Lundi-Mercredi;de 8h à 12h et de 13h à 16h30;Fermé pendant les vacances scolaires;Rue Anatole France;59490;Somain;Rue Anatole France; 59490 Somain; France ; 3.2768756000000394;50.3590844;CC Coeur d'Ostrevent [c.C.C.O.];245901152;59574;59;NORD;NORD-PAS-DE-CALAIS;
Centre social - Steenvoorde;permanence;3;Jeudi;de 14h00 à 16h30;Fermé pendant les vacances scolaires;place Jean-Marie Ryckewaert;59114;Steenvoorde;Place Jean Marie Ryckewaert; 59114 Steenvoorde; France; 2.5776829000000134;50.8096019;CC de Flandre Intérieure;200040947;59580;59;NORD;NORD-PAS-DE-CALAIS;
Antenne de Tourcoing - Accueil sur rendez-vous;Antenne;2;Lundi - Mardi - Mercredi - Vendredi;de 8h30 à 16h00;;20 rue des Carliers;59200;Tourcoing;20 Rue des Carliers; 59200 Tourcoing; France; 3.162058600000023;50.7163244;Métropole Européenne de Lille;245900410;59599;59;NORD;NORD-PAS-DE-CALAIS;
Centre social Bourgogne - Tourcoing;permanence;3;Lundi-Mercredi;de 8h30 à 11h30;Fermé pendant les vacances scolaires;24 avenue Roger Salengro;59200;Tourcoing;24 Avenue Roger Salengro; 59200 Tourcoing; France; 3.179995100000042;50.7396996;Métropole Européenne de Lille;245900410;59599;59;NORD;NORD-PAS-DE-CALAIS;
CCAS - Trith Saint Léger;permanence;3;Jeudi;de 14h00 à 15h30 les 2ème et 4ème jeudis du mois;Fermé pendant les vacances scolaires;29 rue Henri Durre;59125;Trith-Saint-Léger;29 Rue Henri Durre; 59125 Trith-Saint-Léger; France; 3.485019999999963;50.3257536;CA de la Porte du Hainaut;200042190;59603;59;NORD;NORD-PAS-DE-CALAIS;
Mairie - Trith le Poirier - annexe;permanence;3;Jeudi;de 14h00 à 15h30 les 1er et 3ème jeudis du mois;Fermé pendant les vacances scolaires;rue Bessemer;59125;Trith-Saint-Léger;1 Rue Henri Bessemer;59125 Trith-Saint-Léger; France;3.505623000000014;50.3331267;CA de la Porte du Hainaut;200042190;59603;59;NORD;NORD-PAS-DE-CALAIS;
Mairie - Trélon;permanence;3;Mercredi;de 9h00 à 12h00;Fermé pendant les vacances scolaires;1 place Jean Jaurès;59132;Trélon;1 Rue Aristide Briand;59132 Trelon; France;4.103821499999981;50.05913049999999;CC du Sud Avesnois;200043404;59601;59;NORD;NORD-PAS-DE-CALAIS;
Agence de Valenciennes - Accueil sur rendez-vous;Agence;1;Lundi - Mardi - Mercredi - Vendredi;de 8h30 à 16h00;;29 place de la République;59300;Valenciennes;29 Place de la République; 59300 Valenciennes; France; 3.519890700000019;50.3629751;CA Valenciennes Métropole;245901160;59606;59;NORD;NORD-PAS-DE-CALAIS;
Maison du Citoyen - Valenciennes Lomprez;permanence;3;Mercredi;de 8h30 à 10h00;Fermé pendant les vacances scolaires;29 Place de la République;59300;Valenciennes;Rue Lucien Jonas; 59300 Valenciennes; France;3.488819000000035;50.3533421;CA Valenciennes Métropole;245901160;59606;59;NORD;NORD-PAS-DE-CALAIS;
Valenciennes Briquette - Valenciennes;permanence;3;Vendredi;de 8h30 à 10h00;Fermé pendant les vacances scolaires;rue de la Targette;59300;Valenciennes;Rue de la Targette; 59300 Valenciennes; France; 3.5130232000000206;50.3427272;CA Valenciennes Métropole;245901160;59606;59;NORD;NORD-PAS-DE-CALAIS;
CCAS - Vieux Condé;permanence;3;Mercredi-Vendredi;de 13h30 à 16h30;Fermé pendant les vacances scolaires;67 rue Victor Hugo;59690;Vieux-Condé;67 Rue Victor Hugo; 59690 Vieux-Condé; France; 3.566907899999933;50.4579324;CA Valenciennes Métropole;245901160;59616;59;NORD;NORD-PAS-DE-CALAIS;
Centre social - Villeneuve d'Ascq;permanence;3;Lundi-Jeudi;de 8h30 à 11h30;Fermé pendant les vacances scolaires;rue des Vétérans;59650;Villeneuve-d'Ascq;Rue des Vétérans; 59650 Villeneuve-d'Ascq; France; 3.130354300000022;50.6235071;Métropole Européenne de Lille;245900410;59009;59;NORD;NORD-PAS-DE-CALAIS;
centre social Corneille - Villeneuve d'Ascq;permanence;3;Jeudi;de 14h00 à 17h00;Fermé pendant les vacances scolaires;47 rue Corneille;59650;Villeneuve-d'Ascq;47 Rue Corneille; 59650 Villeneuve-d'Ascq; France; 3.142631599999959;50.62426689999999;Métropole Européenne de Lille;245900410;59009;59;NORD;NORD-PAS-DE-CALAIS;
CPAM - Villeneuve d'Ascq;permanence;3;Lundi;de 8h30 à 11h30 et de 13h30 à 16h30;Uniquement sur rendez-vous l'après midi - Fermé pendant les vacances scolaires;51 boulevard Valmy;59650;Villeneuve-d'Ascq;51 Boulevard de Valmy; 59650 Villeneuve-d'Ascq; France; 3.13273920000006;50.615797;Métropole Européenne de Lille;245900410;59009;59;NORD;NORD-PAS-DE-CALAIS;
Mairie - Villeneuve d'Ascq - annexe de la Cousinerie;permanence;3;Vendredi;de 8h30 à 11h30;Fermé pendant les vacances scolaires;Chemin des Crieurs;59650;Villeneuve-d'Ascq;Chemin des Crieurs; 59650 Villeneuve-d'Ascq; France; 3.154550900000004;50.640862;Métropole Européenne de Lille;245900410;59009;59;NORD;NORD-PAS-DE-CALAIS;
Maison des Genêts - Villeneuve d'Ascq;permanence;3;Mardi-Vendredi;Mardi de 8h30 à 11h30 - Vendredi de 14h00 à 17h00;Fermé pendant les vacances scolaires;2 rue des Genêts;59650;Villeneuve-d'Ascq;2 Rue des Genêts; 59650 Villeneuve-d'Ascq; France; 3.148761499999978;50.6202651;Métropole Européenne de Lille;245900410;59009;59;NORD;NORD-PAS-DE-CALAIS;
Mairie - Wallers;permanence;3;Mercredi;de 14h00 à 15h30;Fermé pendant les vacances scolaires;rue Marcel Danna;59135;Wallers;Rue Marcel Danna; 59135 Wallers; France; 3.3912295000000086;50.3731309;CA de la Porte du Hainaut;200042190;59632;59;NORD;NORD-PAS-DE-CALAIS;
Mairie - Watten;permanence;3;Vendredi;de 9h00 à 11h30;Fermé pendant les vacances scolaires;rue de la Montagne;59143;Watten;Rue de la Montagne; 59143 Watten; France; 2.2348709999999983;50.83047149999999;CC des Hauts de Flandre;200040954;59647;59;NORD;NORD-PAS-DE-CALAIS;
Wattignies;Antenne;2;Mardi-Vendredi;de 8h30 à 16h00;Fermé pendant les vacances scolaires;16 rue Schweitzer;59139;Wattignies;16 Rue du Dr Schweitzer; 59139 Wattignies; France; 3.0427836999999727;50.58615649999999;Métropole Européenne de Lille;245900410;59648;59;NORD;NORD-PAS-DE-CALAIS;
Mairie - Wattrelos - annexe Beaulieu;permanence;3;Mardi;de 8h30 à 11h30;Fermé pendant les vacances scolaires;94 rue Léon Blum;59150;Wattrelos;94 Rue Léon Blum; 59150 Wattrelos; France; 3.236335800000006;50.7039103;Métropole Européenne de Lille;245900410;59650;59;NORD;NORD-PAS-DE-CALAIS;
CCAS Mairie - Waziers;permanence;3;Mercredi;de 15h30 à 17h00;Fermé pendant les vacances scolaires;2 place André Bordeu;59119;Waziers;2 Place André Bordeu; 59119 Waziers; France; 3.1100774999999885;50.3855628;CA du Douaisis [c.A.D.];200044618;59654;59;NORD;NORD-PAS-DE-CALAIS;
CCAS - Wignehies;permanence;3;Jeudi;de 13h30 à 15h30;1er et 3ème jeudis du mois - Fermé pendant les vacances scolaires;12 place François Mitterrand;59212;Wignehies;12 Place François Mitterrand; 59212 Wignehies; France; 4.003880500000037;50.014846;CC du Sud Avesnois;200043404;59659;59;NORD;NORD-PAS-DE-CALAIS;
Centre social Marissel - Wormhout;permanence;3;Mercredi;de 9h00 à 11h00;Fermé pendant les vacances scolaires;47 place du Général de Gaulle;59470;Wormhout;47 Place du Gén de Gaulle; 59470 Wormhout; France; 2.4675832000000355;50.8826597;CC des Hauts de Flandre;200040954;59663;59;NORD;NORD-PAS-DE-CALAIS;
Mairie de Lille;Mairie;4;Lundi - Mardi - Mercredi - Vendredi;de 8h30 à 12h15 et de 13h15 à 16h;;;59800;Lille;Place Augustin-Laurent, CS 30667;59800 Lille; France;3.0714719999999716;50.630542;;;;59;NORD;NORD-PAS-DE-CALAIS;
Mairie de Roubaix;Mairie;4;Mercredi-Vendredi;de 13h30 à 16h30;Fermé pendant les vacances scolaires;;59100;Roubaix;17 Grand'place, BP 737;59100 Roubaix; France;3.17401760000007;50.6910025;;;;59;NORD;NORD-PAS-DE-CALAIS;
Mairie de Tourcoing;Mairie;4;Lundi-Jeudi;de 8h30 à 11h30;Fermé pendant les vacances scolaires;;59200;Tourcoing;10 Place Victor-Hassebroucq;59200 Tourcoing; France;3.160913800000003;50.72334619999999;;;;59;NORD;NORD-PAS-DE-CALAIS;
Mairie de Dunkerque;Mairie;4;Jeudi;de 14h00 à 17h00;Fermé pendant les vacances scolaires;;59140;Dunkerque;Place Charles-Valentin;59140 Dunkerque; France;2.3769922999999835;51.0376619;;;;59;NORD;NORD-PAS-DE-CALAIS;
Mairie de Villeneuve-d'Ascq;Mairie;4;Lundi;de 8h30 à 11h30 et de 13h30 à 16h30;Uniquement sur rendez-vous l'après midi - Fermé pendant les vacances scolaires;;59650;Villeneuve-d'Ascq;Place Salvador Allende,BP 80089;59650 Villeneuve-d'Ascq; France;3.182431700000052;50.6693001;;;;59;NORD;NORD-PAS-DE-CALAIS;
Mairie de Valenciennes;Mairie;4;Vendredi;de 8h30 à 11h30;Fermé pendant les vacances scolaires;;59300;Valenciennes;Place d'Armes, BP 90339;59300 Valenciennes; France;3.5233037000000422;50.3579917;;;;59;NORD;NORD-PAS-DE-CALAIS;
Mairie de Douai;Mairie;4;Mardi-Vendredi;Mardi de 8h30 à 11h30 - Vendredi de 14h00 à 17h00;Fermé pendant les vacances scolaires;;59508;Douai;Rue de la Mairie, BP 80836;59508 Douai; France;3.0799349999999777;50.368088;;;;59;NORD;NORD-PAS-DE-CALAIS;
Mairie de Wattrelos;Mairie;4;Mercredi;de 14h00 à 15h30;Fermé pendant les vacances scolaires;;59150;Wattrelos;Place Jean Delvainquière;59150 Wattrelos; France;3.2148654999999735;50.7015657;;;;59;NORD;NORD-PAS-DE-CALAIS;
Mairie de Marcq-en-Baroeul;Mairie;4;Vendredi;de 9h00 à 11h30;Fermé pendant les vacances scolaires;;59700;Marcq-en-Baroeul;103 Avenue Foch;59700 Marcq-en-Baroeul; France;3.094118999999978;50.67409319999999;;;;59;NORD;NORD-PAS-DE-CALAIS;
Mairie de Cambrai;Mairie;4;Mardi-Vendredi;de 8h30 à 16h00;Fermé pendant les vacances scolaires;;59400;Cambrai;2 Rue de Nice, BP 409;59400 Cambrai; France;3.2349378000000115;50.1771134;;;;59;NORD;NORD-PAS-DE-CALAIS;
Mairie de Maubeuge;Mairie;4;Mardi;de 8h30 à 11h30;Fermé pendant les vacances scolaires;;59600;Maubeuge;Place du Docteur pierre Forest, BP 80269;59600 Maubeuge; France;3.967416299999968;50.2800073;;;;59;NORD;NORD-PAS-DE-CALAIS;
Agence CPAM de Calais;CPAM;5;Lundi - Mardi - Mercredi - Jeudi - Vendredi;de 8h30 à 12h15 et de 13h15 à 16h;;;62100;Calais;35 Rue Descartes;62100 Calais; France;1.8604665000000296;50.9535816;;;;59;NORD;NORD-PAS-DE-CALAIS;
Agence CPAM de Lille;CPAM;5;Lundi - Mardi - Mercredi - Jeudi - Vendredi;de 8h30 à 12h15 et de 13h15 à 16h;;;59000;Lille;2 rue d'Iéna;59000 Lille; France;3.052895600000056;50.6227661;;;;59;NORD;NORD-PAS-DE-CALAIS;
Agence CPAM de Amiens;CPAM;5;Lundi - Mardi - Mercredi - Jeudi - Vendredi;de 8h30 à 12h15 et de 13h15 à 16h;;;80000;Amiens;181 Rue du Faubourg de Hem;80000 Amiens; France;2.2756343999999444;49.9025645;;;;59;NORD;NORD-PAS-DE-CALAIS;
Agence CPAM de Roubaix;CPAM;5;Lundi - Mardi - Mercredi - Jeudi - Vendredi;de 8h30 à 12h15 et de 13h15 à 16h;;;59100;Roubaix;6 rue Rémy Cogghe;59100 Roubaix; France;3.167593600000032;50.69016149999999;;;;59;NORD;NORD-PAS-DE-CALAIS;
Agence CPAM de Tourcoing;CPAM;5;Lundi - Mardi - Mercredi - Jeudi - Vendredi;de 8h30 à 12h15 et de 13h15 à 16h;;;59200;Tourcoing;2 Place Sébastopol;59200 Tourcoing; France;3.162000300000045;50.7174373;;;;59;NORD;NORD-PAS-DE-CALAIS;
Agence CPAM de Dunkerque;CPAM;5;Lundi - Mardi - Mercredi - Jeudi - Vendredi;de 8h30 à 12h15 et de 13h15 à 16h;;;59140;Dunkerque;2 Rue de la Batellerie;59140 Dunkerque; France;2.363940599999978;51.029231;;;;59;NORD;NORD-PAS-DE-CALAIS;
Centre des impôts : Maubeuge;Centre des impots;6;Lundi - Mardi - Mercredi - Jeudi - Vendredi;de 8h30 à 12h15 et de 13h15 à 16h;;;59607;Maubeuge;Rue Ancien-Pont-Rouge BP 50500;59607 Maubeuge; France;2.287592000000018;48.862725;;;;59;NORD;NORD-PAS-DE-CALAIS;
Centre des impôts : CAMBRAI;Centre des impots;6;Lundi - Mardi - Mercredi - Jeudi - Vendredi;de 8h30 à 12h15 et de 13h15 à 16h;;;59409;CAMBRAI;1 RUE DE LA PAIX DE NIMEGUE;59409 CAMBRAI; France;3.24295630000006;50.17180159999999;;;;59;NORD;NORD-PAS-DE-CALAIS;
Centre des impôts : Denain;Centre des impots;6;Lundi - Mardi - Mercredi - Jeudi - Vendredi;de 8h30 à 12h15 et de 13h15 à 16h;;;59723;Denain;Boulevard du 8-Mai-1945 BP 70233;59723 Denain; France;3.395984099999964;50.3235094;;;;59;NORD;NORD-PAS-DE-CALAIS;
Centre des impôts : Lille;Centre des impots;6;Lundi - Mardi - Mercredi - Jeudi - Vendredi;de 8h30 à 12h15 et de 13h15 à 16h;;;59045;Lille;5, rue Pierre-Legrand;59045 Lille; France;3.0843174000000317;50.632807;;;;59;NORD;NORD-PAS-DE-CALAIS;
Pôle Emploi de Calais - Mollien;Pole emploi;7;Lundi - Mardi - Mercredi - Jeudi - Vendredi;de 8h30 à 12h45;;;62100;Calais;66 Rue Mollien;62100 Calais; France;1.863055499999973;50.955343;;;;59;NORD;NORD-PAS-DE-CALAIS;
Pôle Emploi de Calais - St Exupéry;Pole emploi;7;Lundi - Mardi - Mercredi - Jeudi - Vendredi;de 8h30 à 12h45;;;62100;Calais;60 Avenue Antoine de Saint Exupery;62100 Calais; France;1.8938305000000355;50.9462814;;;;59;NORD;NORD-PAS-DE-CALAIS;
Pôle Emploi de Dunkerque - Bazennes;Pole emploi;7;Lundi - Mardi - Mercredi - Jeudi - Vendredi;de 8h30 à 12h45;;;59140;Dunkerque;19 Rue des Bazennes;59140 Dunkerque; France;2.3794809999999416;51.04131479999999;;;;59;NORD;NORD-PAS-DE-CALAIS;
Pôle Emploi de Tourcoing - Centre;Pole emploi;7;Lundi - Mardi - Mercredi - Jeudi - Vendredi;de 8h30 à 12h45;;;59200;Tourcoing;64 avenue alfred lefrancois;59200 Tourcoing; France;3.1690189999999347;50.717187;;;;59;NORD;NORD-PAS-DE-CALAIS;
Pôle Emploi de Roubaix - Centre;Pole emploi;7;Lundi - Mardi - Mercredi - Jeudi - Vendredi;de 8h30 à 12h45;;;59100;Roubaix;74 Grande Rue;59100 Roubaix; France;3.1801829999999427;50.6919179;;;;59;NORD;NORD-PAS-DE-CALAIS;
Pôle Emploi de Roubaix - Les Prés;Pole emploi;7;Lundi - Mardi - Mercredi - Jeudi - Vendredi;de 8h30 à 12h45;;;59100;Roubaix;30 Boulevard de Mulhouse;59100 Roubaix; France;3.193460400000049;50.6848958;;;;59;NORD;NORD-PAS-DE-CALAIS;
Pôle Emploi d'Amiens - Millevoye;Pole emploi;7;Lundi - Mardi - Mercredi - Jeudi - Vendredi;de 8h30 à 12h45;;;80000;Amiens;21 Rue Millevoye;80000 Amiens; France;2.2968080000000555;49.8868557;;;;59;NORD;NORD-PAS-DE-CALAIS;
Pôle Emploi d'Amiens - Dury;Pole emploi;7;Lundi - Mardi - Mercredi - Jeudi - Vendredi;de 8h30 à 12h45;;;80000;Amiens;1 Place des Magnolias;80000 Amiens; France;2.278054099999963;49.8603712;;;;59;NORD;NORD-PAS-DE-CALAIS;
Pôle Emploi d'Amiens - Tellier;Pole emploi;7;Lundi - Mardi - Mercredi - Jeudi - Vendredi;de 8h30 à 12h45;;;80000;Amiens;Rue Paul Tellier;80000 Amiens; France;2.309408200000007;49.8909139;;;;59;NORD;NORD-PAS-DE-CALAIS;
Pôle Emploi de Lille - Fives;Pole emploi;7;Lundi - Mardi - Mercredi - Jeudi - Vendredi;de 8h30 à 12h45;;;59000;Lille;21 Rue de Vaucanson;59000 Lille; France;3.09393620000003;50.6297888;;;;59;NORD;NORD-PAS-DE-CALAIS;
Pôle Emploi de Lille - Capinghem;Pole emploi;7;Lundi - Mardi - Mercredi - Jeudi - Vendredi;de 8h30 à 12h45;;;59000;Lille;17 rue du chemin saint martin;59000 Lille; France;2.975058499999932;50.64115839999999;;;;59;NORD;NORD-PAS-DE-CALAIS;
Pôle Emploi de Lille - Fluvial;Pole emploi;7;Lundi - Mardi - Mercredi - Jeudi - Vendredi;de 8h30 à 12h45;;;59000;Lille;43 Boulevard de la Moselle;59000 Lille; France;3.032479500000022;50.627086;;;;59;NORD;NORD-PAS-DE-CALAIS;
